epoch,train_total_loss,train_classification_loss,train_mse_loss,train_sam_loss,train_gan_loss,val_total_loss,val_classification_loss,val_mse_loss,val_sam_loss,val_gan_loss,generalization_gap_loss
1,1.451158419633523,1.451158419633523,0.0,0.0,0.0,1.3429813443160639,1.3429813443160639,0.0,0.0,0.0,-0.1158495461764324
2,1.4449785244770539,1.4449785244770539,0.0,0.0,0.0,1.3447368959101236,1.3447368959101236,0.0,0.0,0.0,-0.08651452706161811
3,1.44332769080105,1.44332769080105,0.0,0.0,0.0,1.5292454289226998,1.5292454289226998,0.0,0.0,0.0,0.08756401535369762
4,1.4205440333765795,1.4205440333765795,0.0,0.0,0.0,1.464068072598155,1.464068072598155,0.0,0.0,0.0,0.036245431779746484
5,1.4379907500030649,1.4379907500030649,0.0,0.0,0.0,1.2938721238113031,1.2938721238113031,0.0,0.0,0.0,-0.1430057239254141
6,1.4806885291368534,1.4806885291368534,0.0,0.0,0.0,1.5023550812791033,1.5023550812791033,0.0,0.0,0.0,0.03221211054187423
7,1.4194214364402316,1.4194214364402316,0.0,0.0,0.0,1.3727799915685885,1.3727799915685885,0.0,0.0,0.0,-0.056500183534493154
8,1.4379049508999555,1.4379049508999555,0.0,0.0,0.0,1.4358364954227354,1.4358364954227354,0.0,0.0,0.0,-0.005249993488493976
9,1.466091235478719,1.466091235478719,0.0,0.0,0.0,1.2757350002847068,1.2757350002847068,0.0,0.0,0.0,-0.18202675812836344
10,1.411263598336114,1.411263598336114,0.0,0.0,0.0,1.3978701277476986,1.3978701277476986,0.0,0.0,0.0,-0.02340619708688041
11,1.4056198770164425,1.4056198770164425,0.0,0.0,0.0,1.317658790727941,1.317658790727941,0.0,0.0,0.0,-0.10743246673419393
12,1.3947247276958237,1.3947247276958237,0.0,0.0,0.0,1.4498870227395035,1.4498870227395035,0.0,0.0,0.0,0.05530830910237161
13,1.385438518646436,1.385438518646436,0.0,0.0,0.0,1.4497852674344691,1.4497852674344691,0.0,0.0,0.0,0.06269579284609117
14,1.4250733078035533,1.4250733078035533,0.0,0.0,0.0,1.4616366130549734,1.4616366130549734,0.0,0.0,0.0,0.02300106204249408
15,1.3884162393390622,1.3884162393390622,0.0,0.0,0.0,1.3126025723247994,1.3126025723247994,0.0,0.0,0.0,-0.06979751040196458
16,1.3804345039220958,1.3804345039220958,0.0,0.0,0.0,1.396703161844393,1.396703161844393,0.0,0.0,0.0,0.011080545337343706
17,1.3955611958462968,1.3955611958462968,0.0,0.0,0.0,1.3819977626567934,1.3819977626567934,0.0,0.0,0.0,-0.020446171033921656
18,1.3501228399765797,1.3501228399765797,0.0,0.0,0.0,1.504696991385483,1.504696991385483,0.0,0.0,0.0,0.16717033374302082
19,1.3306946214447675,1.3306946214447675,0.0,0.0,0.0,1.205611353967248,1.205611353967248,0.0,0.0,0.0,-0.12361769624518826
20,1.316080093383789,1.316080093383789,0.0,0.0,0.0,1.3777812515817038,1.3777812515817038,0.0,0.0,0.0,0.07472533142912119
21,1.3095589376922347,1.3095589376922347,0.0,0.0,0.0,1.3030732637498437,1.3030732637498437,0.0,0.0,0.0,-0.01138977192331403
22,1.29709978796478,1.29709978796478,0.0,0.0,0.0,1.411924132486669,1.411924132486669,0.0,0.0,0.0,0.11637984948379931
23,1.280961246571989,1.280961246571989,0.0,0.0,0.0,1.4290878307528612,1.4290878307528612,0.0,0.0,0.0,0.15045250108248487
24,1.2747286965704372,1.2747286965704372,0.0,0.0,0.0,1.3174068171803544,1.3174068171803544,0.0,0.0,0.0,0.03848291136757731
25,1.2857613838635957,1.2857613838635957,0.0,0.0,0.0,1.4098738751760342,1.4098738751760342,0.0,0.0,0.0,0.1236440640130041
26,1.2971179495509872,1.2971179495509872,0.0,0.0,0.0,1.4478485177202922,1.4478485177202922,0.0,0.0,0.0,0.1454447080424508
27,1.2304107531523094,1.2304107531523094,0.0,0.0,0.0,1.3018075256812862,1.3018075256812862,0.0,0.0,0.0,0.07840119860483896
28,1.2034714344220283,1.2034714344220283,0.0,0.0,0.0,1.3047786282330025,1.3047786282330025,0.0,0.0,0.0,0.10283786350422819
29,1.2473330263398652,1.2473330263398652,0.0,0.0,0.0,1.5505402320768775,1.5505402320768775,0.0,0.0,0.0,0.30627760044455354
30,1.2473908408075316,1.2473908408075316,0.0,0.0,0.0,1.3533008854563644,1.3533008854563644,0.0,0.0,0.0,0.09799328542685104
31,1.2140472893022065,1.2140472893022065,0.0,0.0,0.0,1.403370374586524,1.403370374586524,0.0,0.0,0.0,0.18479420312722827
32,1.2321076719169943,1.2321076719169943,0.0,0.0,0.0,1.3348482178478707,1.3348482178478707,0.0,0.0,0.0,0.09887657039782294
33,1.167072902377854,1.167072902377854,0.0,0.0,0.0,1.348754429235691,1.348754429235691,0.0,0.0,0.0,0.18005382691618554
34,1.166778141616756,1.166778141616756,0.0,0.0,0.0,1.6865406385282191,1.6865406385282191,0.0,0.0,0.0,0.5200846666392123
35,1.1438536745870216,1.1438536745870216,0.0,0.0,0.0,1.432936098517441,1.432936098517441,0.0,0.0,0.0,0.2729032311510089
36,1.1726219409551375,1.1726219409551375,0.0,0.0,0.0,1.481093711969329,1.481093711969329,0.0,0.0,0.0,0.3018917050465013
37,1.15198980539273,1.15198980539273,0.0,0.0,0.0,1.15327556249572,1.15327556249572,0.0,0.0,0.0,0.009091149376460939
38,1.2226492237840962,1.2226492237840962,0.0,0.0,0.0,1.44693007120272,1.44693007120272,0.0,0.0,0.0,0.19230116022510368
39,1.1064206596113677,1.1064206596113677,0.0,0.0,0.0,1.3351167062433755,1.3351167062433755,0.0,0.0,0.0,0.22774501631651067
40,1.0778567505697918,1.0778567505697918,0.0,0.0,0.0,1.3207730723590385,1.3207730723590385,0.0,0.0,0.0,0.24696412823561542
41,1.1231664673894899,1.1231664673894899,0.0,0.0,0.0,1.4567472905647465,1.4567472905647465,0.0,0.0,0.0,0.3198757967850505
42,1.0645769009223351,1.0645769009223351,0.0,0.0,0.0,1.506221643308314,1.506221643308314,0.0,0.0,0.0,0.43208948204560604
43,1.0670494737788143,1.0670494737788143,0.0,0.0,0.0,1.1127145115922137,1.1127145115922137,0.0,0.0,0.0,0.046454507956187774
44,1.1387087320670104,1.1387087320670104,0.0,0.0,0.0,1.2764777672000047,1.2764777672000047,0.0,0.0,0.0,0.11202571671382322
45,1.103581901289459,1.103581901289459,0.0,0.0,0.0,1.3366226684756395,1.3366226684756395,0.0,0.0,0.0,0.22893023220032038
46,1.0699021408700535,1.0699021408700535,0.0,0.0,0.0,1.178840102219,1.178840102219,0.0,0.0,0.0,0.1058296912010197
47,1.0334475447988918,1.0334475447988918,0.0,0.0,0.0,1.4283590200470715,1.4283590200470715,0.0,0.0,0.0,0.3795678188509064
48,1.0826512962325006,1.0826512962325006,0.0,0.0,0.0,1.1718496084213257,1.1718496084213257,0.0,0.0,0.0,0.09188379793085599
49,1.0990363868892703,1.0990363868892703,0.0,0.0,0.0,1.1910291066983851,1.1910291066983851,0.0,0.0,0.0,0.08499456088145818
50,0.994295169145633,0.994295169145633,0.0,0.0,0.0,1.297908143299382,1.297908143299382,0.0,0.0,0.0,0.2999550686892506
51,0.9872507702591072,0.9872507702591072,0.0,0.0,0.0,1.1548754616481502,1.1548754616481502,0.0,0.0,0.0,0.16270791239258353
52,1.0026573228020954,1.0026573228020954,0.0,0.0,0.0,1.326097104607559,1.326097104607559,0.0,0.0,0.0,0.31918892016479417
53,0.9857564838523538,0.9857564838523538,0.0,0.0,0.0,1.1054219850679723,1.1054219850679723,0.0,0.0,0.0,0.11091491733463155
54,1.0237091051207647,1.0237091051207647,0.0,0.0,0.0,1.1741557877238205,1.1741557877238205,0.0,0.0,0.0,0.1425501028646996
55,1.0416717926661174,1.0416717926661174,0.0,0.0,0.0,1.1940875402311,1.1940875402311,0.0,0.0,0.0,0.13355203647277536
56,0.9929004591754359,0.9929004591754359,0.0,0.0,0.0,1.3827140738324422,1.3827140738324422,0.0,0.0,0.0,0.3869479639420341
57,0.980750238793528,0.980750238793528,0.0,0.0,0.0,1.3411781962324933,1.3411781962324933,0.0,0.0,0.0,0.3564047702580958
58,0.9639143740010058,0.9639143740010058,0.0,0.0,0.0,1.2791875804342874,1.2791875804342874,0.0,0.0,0.0,0.31280974238918346
59,0.9519759763000358,0.9519759763000358,0.0,0.0,0.0,1.0740139309952899,1.0740139309952899,0.0,0.0,0.0,0.1257605429164862
60,0.9477892971446371,0.9477892971446371,0.0,0.0,0.0,1.3857308946004727,1.3857308946004727,0.0,0.0,0.0,0.42202012802825406
61,0.9575168454748952,0.9575168454748952,0.0,0.0,0.0,1.095353545212164,1.095353545212164,0.0,0.0,0.0,0.12409828455716032
62,0.9433398954888694,0.9433398954888694,0.0,0.0,0.0,1.0933430194854736,1.0933430194854736,0.0,0.0,0.0,0.16168675310591352
63,0.9523749677543967,0.9523749677543967,0.0,0.0,0.0,1.4442029929742581,1.4442029929742581,0.0,0.0,0.0,0.46968630880073936
64,0.9447906475800735,0.9447906475800735,0.0,0.0,0.0,1.2417865846215226,1.2417865846215226,0.0,0.0,0.0,0.3028127507589896
65,0.9738129499631051,0.9738129499631051,0.0,0.0,0.0,1.156827193934743,1.156827193934743,0.0,0.0,0.0,0.17037385689707774
66,0.914684606413556,0.914684606413556,0.0,0.0,0.0,1.228825717437558,1.228825717437558,0.0,0.0,0.0,0.3091939469041839
67,0.8798314506172115,0.8798314506172115,0.0,0.0,0.0,1.206414810041102,1.206414810041102,0.0,0.0,0.0,0.3212701127458072
68,0.8538719028489202,0.8538719028489202,0.0,0.0,0.0,1.2286423531974233,1.2286423531974233,0.0,0.0,0.0,0.379294724608054
69,0.8245487121435312,0.8245487121435312,0.0,0.0,0.0,1.2821935618795999,1.2821935618795999,0.0,0.0,0.0,0.44663820508770424
70,0.8839627504348755,0.8839627504348755,0.0,0.0,0.0,1.060336363024828,1.060336363024828,0.0,0.0,0.0,0.1624790296744426
71,0.8916298079694438,0.8916298079694438,0.0,0.0,0.0,1.4134443329601754,1.4134443329601754,0.0,0.0,0.0,0.512542600168992
72,0.9025842593266413,0.9025842593266413,0.0,0.0,0.0,1.15194567819921,1.15194567819921,0.0,0.0,0.0,0.2555592091773883
73,0.8486744598445729,0.8486744598445729,0.0,0.0,0.0,1.0577153926942406,1.0577153926942406,0.0,0.0,0.0,0.20162822005150838
74,0.9956235875431289,0.9956235875431289,0.0,0.0,0.0,1.3702747065846512,1.3702747065846512,0.0,0.0,0.0,0.37977270061631285
75,0.9208166364930633,0.9208166364930633,0.0,0.0,0.0,1.14517907398503,1.14517907398503,0.0,0.0,0.0,0.21233226290240204
76,0.8529201185601389,0.8529201185601389,0.0,0.0,0.0,1.0293478645929477,1.0293478645929477,0.0,0.0,0.0,0.1719702223526679
77,0.7778005793563321,0.7778005793563321,0.0,0.0,0.0,1.2494348432959579,1.2494348432959579,0.0,0.0,0.0,0.4691812694259103
78,0.7957814565071692,0.7957814565071692,0.0,0.0,0.0,1.0481902622595065,1.0481902622595065,0.0,0.0,0.0,0.2534935914379173
79,0.7594487952370929,0.7594487952370929,0.0,0.0,0.0,1.1981192216640566,1.1981192216640566,0.0,0.0,0.0,0.4399037642083319
80,0.8079082415654109,0.8079082415654109,0.0,0.0,0.0,1.0475220796538562,1.0475220796538562,0.0,0.0,0.0,0.24598418689653834
81,0.7755378632463961,0.7755378632463961,0.0,0.0,0.0,1.0365262467686722,1.0365262467686722,0.0,0.0,0.0,0.2454295456968597
82,0.7391303787883531,0.7391303787883531,0.0,0.0,0.0,1.3951671588711623,1.3951671588711623,0.0,0.0,0.0,0.6635672573946854
83,0.7997963097360399,0.7997963097360399,0.0,0.0,0.0,1.0135234507118784,1.0135234507118784,0.0,0.0,0.0,0.197887798597695
84,0.7478815092999711,0.7478815092999711,0.0,0.0,0.0,1.2770949921956876,1.2770949921956876,0.0,0.0,0.0,0.5294850080341802
85,0.68302299731817,0.68302299731817,0.0,0.0,0.0,1.139558321092187,1.139558321092187,0.0,0.0,0.0,0.4519171319530735
86,0.7073103714193034,0.7073103714193034,0.0,0.0,0.0,1.1852072041209152,1.1852072041209152,0.0,0.0,0.0,0.46131155042069794
87,0.7107996706269745,0.7107996706269745,0.0,0.0,0.0,1.0971009382387487,1.0971009382387487,0.0,0.0,0.0,0.37948227260469125
88,0.732134544951284,0.732134544951284,0.0,0.0,0.0,1.6419251488476265,1.6419251488476265,0.0,0.0,0.0,0.9101100878489871
89,0.7833868030808929,0.7833868030808929,0.0,0.0,0.0,1.0207346328874913,1.0207346328874913,0.0,0.0,0.0,0.22911843861891423
90,0.7692659655187883,0.7692659655187883,0.0,0.0,0.0,1.352791204685118,1.352791204685118,0.0,0.0,0.0,0.5840246741265238
91,0.7385257451962202,0.7385257451962202,0.0,0.0,0.0,1.107216436688493,1.107216436688493,0.0,0.0,0.0,0.34637826329498256
92,0.7226848408707187,0.7226848408707187,0.0,0.0,0.0,1.2882107816091397,1.2882107816091397,0.0,0.0,0.0,0.5602755262711556
93,0.722095208035575,0.722095208035575,0.0,0.0,0.0,1.1148625670409784,1.1148625670409784,0.0,0.0,0.0,0.3870701952442319
94,0.7045756344102386,0.7045756344102386,0.0,0.0,0.0,1.1335252581573114,1.1335252581573114,0.0,0.0,0.0,0.4335008800613749
95,0.682882605964302,0.682882605964302,0.0,0.0,0.0,1.1344954124311122,1.1344954124311122,0.0,0.0,0.0,0.4454488777135197
96,0.6566740855192527,0.6566740855192527,0.0,0.0,0.0,1.216383893315385,1.216383893315385,0.0,0.0,0.0,0.5544286870027001
97,0.648484640651279,0.648484640651279,0.0,0.0,0.0,1.1212312535541813,1.1212312535541813,0.0,0.0,0.0,0.4770229761615902
98,0.737857210330474,0.737857210330474,0.0,0.0,0.0,1.3978704068718888,1.3978704068718888,0.0,0.0,0.0,0.6541679289928943
99,0.6983088405213804,0.6983088405213804,0.0,0.0,0.0,1.1473669802270285,1.1473669802270285,0.0,0.0,0.0,0.4367753005174392
100,0.7163972773103633,0.7163972773103633,0.0,0.0,0.0,1.1489495707721245,1.1489495707721245,0.0,0.0,0.0,0.4366087186378763
101,0.672965235180325,0.672965235180325,0.0,0.0,0.0,1.1921039209133242,1.1921039209133242,0.0,0.0,0.0,0.5109903038803031
102,0.659455156733847,0.659455156733847,0.0,0.0,0.0,1.1636851008345441,1.1636851008345441,0.0,0.0,0.0,0.501902997617998
103,0.6196404012859377,0.6196404012859377,0.0,0.0,0.0,1.2166387104406589,1.2166387104406589,0.0,0.0,0.0,0.5928790611924541
104,0.6358743131670177,0.6358743131670177,0.0,0.0,0.0,1.1379921174630887,1.1379921174630887,0.0,0.0,0.0,0.5030014614947568
105,0.6516997671534872,0.6516997671534872,0.0,0.0,0.0,1.2476279851866932,1.2476279851866932,0.0,0.0,0.0,0.5849997925092361
106,0.6181054237561349,0.6181054237561349,0.0,0.0,0.0,1.1901557678129615,1.1901557678129615,0.0,0.0,0.0,0.5734736688414886
107,0.6214846342037885,0.6214846342037885,0.0,0.0,0.0,1.3747737233231707,1.3747737233231707,0.0,0.0,0.0,0.7608416787355871
108,0.6255060036977133,0.6255060036977133,0.0,0.0,0.0,1.1869675735147989,1.1869675735147989,0.0,0.0,0.0,0.54706342393765
109,0.5902582427375337,0.5902582427375337,0.0,0.0,0.0,1.3342382384509575,1.3342382384509575,0.0,0.0,0.0,0.7505929216708345
110,0.6176533159027752,0.6176533159027752,0.0,0.0,0.0,1.190648020767584,1.190648020767584,0.0,0.0,0.0,0.5677561412783049
111,0.5892842559732943,0.5892842559732943,0.0,0.0,0.0,1.33746405636392,1.33746405636392,0.0,0.0,0.0,0.7534281997624005
112,0.6235111126532922,0.6235111126532922,0.0,0.0,0.0,1.278714540528088,1.278714540528088,0.0,0.0,0.0,0.6451114348404005
113,0.6271684434678819,0.6271684434678819,0.0,0.0,0.0,1.2172920267756393,1.2172920267756393,0.0,0.0,0.0,0.5779192821542646
114,0.5535934455374367,0.5535934455374367,0.0,0.0,0.0,1.277106308355564,1.277106308355564,0.0,0.0,0.0,0.7296809078579971
115,0.6018104736621563,0.6018104736621563,0.0,0.0,0.0,1.3228709814025135,1.3228709814025135,0.0,0.0,0.0,0.731853285319412
116,0.5773849140884529,0.5773849140884529,0.0,0.0,0.0,1.250263891568998,1.250263891568998,0.0,0.0,0.0,0.6674069333305105
117,0.6330327595401014,0.6330327595401014,0.0,0.0,0.0,1.2660014396760522,1.2660014396760522,0.0,0.0,0.0,0.6253231719729551
118,0.5761053108761454,0.5761053108761454,0.0,0.0,0.0,1.3201006156642263,1.3201006156642263,0.0,0.0,0.0,0.7428799327497859
119,0.5861977236902612,0.5861977236902612,0.0,0.0,0.0,1.2608657697351968,1.2608657697351968,0.0,0.0,0.0,0.678933882715803
120,0.6050241319542258,0.6050241319542258,0.0,0.0,0.0,1.317493398015092,1.317493398015092,0.0,0.0,0.0,0.7221913455376059
121,0.6009685086388873,0.6009685086388873,0.0,0.0,0.0,1.2737952819684657,1.2737952819684657,0.0,0.0,0.0,0.6753071177147417
122,0.5759559589573461,0.5759559589573461,0.0,0.0,0.0,1.2529322635836717,1.2529322635836717,0.0,0.0,0.0,0.6802370454933535
123,0.5716257900254339,0.5716257900254339,0.0,0.0,0.0,1.2828261154453928,1.2828261154453928,0.0,0.0,0.0,0.7160569602731915
124,0.6102452838522756,0.6102452838522756,0.0,0.0,0.0,1.2503976996352033,1.2503976996352033,0.0,0.0,0.0,0.6404971507084178
125,0.537445457572611,0.537445457572611,0.0,0.0,0.0,1.2653380952230313,1.2653380952230313,0.0,0.0,0.0,0.7340018513775726
126,0.5408738326822591,0.5408738326822591,0.0,0.0,0.0,1.3083979094900735,1.3083979094900735,0.0,0.0,0.0,0.7677293776198428
127,0.5609938487028464,0.5609938487028464,0.0,0.0,0.0,1.2961701358236917,1.2961701358236917,0.0,0.0,0.0,0.7432617063457229
128,0.5859528413185706,0.5859528413185706,0.0,0.0,0.0,1.3624975623154059,1.3624975623154059,0.0,0.0,0.0,0.7787029878631442
129,0.5437621041240855,0.5437621041240855,0.0,0.0,0.0,1.2702612644288598,1.2702612644288598,0.0,0.0,0.0,0.7312539929719376
130,0.592747910409911,0.592747910409911,0.0,0.0,0.0,1.2249761034802693,1.2249761034802693,0.0,0.0,0.0,0.6223950431400075
131,0.5395241079167423,0.5395241079167423,0.0,0.0,0.0,1.3441381745222138,1.3441381745222138,0.0,0.0,0.0,0.8099169802834696
132,0.600001824207795,0.600001824207795,0.0,0.0,0.0,1.3724292836538174,1.3724292836538174,0.0,0.0,0.0,0.7675364882418679
133,0.5249539364097465,0.5249539364097465,0.0,0.0,0.0,1.305906766798438,1.305906766798438,0.0,0.0,0.0,0.7839057652284782
134,0.5961614243495159,0.5961614243495159,0.0,0.0,0.0,1.3142564442099594,1.3142564442099594,0.0,0.0,0.0,0.71796424141123
135,0.5681556575318687,0.5681556575318687,0.0,0.0,0.0,1.300741253829584,1.300741253829584,0.0,0.0,0.0,0.7236991510158632
136,0.5453158428526332,0.5453158428526332,0.0,0.0,0.0,1.2989018050635732,1.2989018050635732,0.0,0.0,0.0,0.7552829252970275
137,0.5745381020073198,0.5745381020073198,0.0,0.0,0.0,1.295980808211536,1.295980808211536,0.0,0.0,0.0,0.7202778123854996
138,0.5398317687531822,0.5398317687531822,0.0,0.0,0.0,1.2873478284696254,1.2873478284696254,0.0,0.0,0.0,0.7554994014021703
139,0.5883605133773934,0.5883605133773934,0.0,0.0,0.0,1.2686817587875738,1.2686817587875738,0.0,0.0,0.0,0.679710376764651
140,0.5537279288992922,0.5537279288992922,0.0,0.0,0.0,1.2794493524039663,1.2794493524039663,0.0,0.0,0.0,0.7232682058556218
141,0.5569221667754345,0.5569221667754345,0.0,0.0,0.0,1.3061744439892653,1.3061744439892653,0.0,0.0,0.0,0.7536258184589245
142,0.5165046560458648,0.5165046560458648,0.0,0.0,0.0,1.3261397640879562,1.3261397640879562,0.0,0.0,0.0,0.8169220491811985
143,0.5351981505369529,0.5351981505369529,0.0,0.0,0.0,1.3299733662023776,1.3299733662023776,0.0,0.0,0.0,0.799049967560938
144,0.5839387545218835,0.5839387545218835,0.0,0.0,0.0,1.3245933579235543,1.3245933579235543,0.0,0.0,0.0,0.7388251926815955
145,0.565570443104475,0.565570443104475,0.0,0.0,0.0,1.3213232784736446,1.3213232784736446,0.0,0.0,0.0,0.76228617638977
146,0.559628415056783,0.559628415056783,0.0,0.0,0.0,1.3216204061740782,1.3216204061740782,0.0,0.0,0.0,0.7617813561990009
147,0.5801928247142042,0.5801928247142042,0.0,0.0,0.0,1.3195372500070712,1.3195372500070712,0.0,0.0,0.0,0.7528291096134636
148,0.5655340891108553,0.5655340891108553,0.0,0.0,0.0,1.3191419927085317,1.3191419927085317,0.0,0.0,0.0,0.7481820199336512
149,0.5873388602183416,0.5873388602183416,0.0,0.0,0.0,1.3190747819295743,1.3190747819295743,0.0,0.0,0.0,0.7401968514717989
150,0.5368345198977706,0.5368345198977706,0.0,0.0,0.0,1.318916099827464,1.318916099827464,0.0,0.0,0.0,0.7987934043997895
