epoch,train_loss,train_accuracy,learning_rate,gradient_norm,parameter_norm,update_norm,gpu_memory_mb,epoch_time_seconds,val_loss,val_accuracy,val_balanced_accuracy,val_precision_macro,val_recall_macro,val_f1_macro,val_precision_weighted,val_recall_weighted,val_f1_weighted,per_class_precision,per_class_recall,per_class_f1,per_class_support,per_class_accuracy,generalization_gap_loss,generalization_gap_accuracy,nonfinite_loss_batches,nonfinite_grad_batches,class_collapse_warnings
1,0.3573378044849593,0.8348229548229549,9.972609476841367e-05,2.2588859680815756,679.1355466540269,0.02622195011666697,554.78076171875,457.9432415899937,0.32989724928086417,0.8567153738535676,0.7560112525288795,0.7078317680349061,0.7560112525288795,0.7214301763386723,0.8919995063363715,0.8567153738535676,0.8710725171554232,"[0.8037042319525662, 0.32044962015670025, 0.9993414519954519]","[0.8027065527065527, 0.5476597476597477, 0.9176674572203377]","[0.8032050825196754, 0.4043208485449437, 0.956764597951398]","[98280, 24570, 211666]","{0: 0.8027065527065527, 1: 0.5476597476597477, 2: 0.9176674572203377}",-0.027440555204095107,-0.021892419030612675,0,0,[]
2,0.2637104152279459,0.8794546194546194,9.890738003669029e-05,1.7727953342874658,678.9766826716133,0.028375282292268936,542.19091796875,463.63986360502895,0.2759202981613398,0.8718985041074269,0.7174318980065612,0.6968614982793686,0.7174318980065612,0.7032087290625172,0.8972510218576195,0.8718985041074269,0.8833199187555553,"[0.8394032963886957, 0.2521927389807927, 0.9989884594686174]","[0.8353378103378103, 0.3698005698005698, 0.9471573138813035]","[0.8373656188164256, 0.2998778837585399, 0.9723826846125864]","[98280, 24570, 211666]","{0: 0.8353378103378103, 1: 0.3698005698005698, 2: 0.9471573138813035}",0.012209882933393867,0.007556115347192582,0,0,[]
3,0.2208745768107095,0.9025695292361959,9.755282581475769e-05,1.8217727333312925,678.9065916479427,0.031571212286185014,540.40966796875,452.43922869098606,0.24849223355825925,0.8880442191105956,0.7413603869035225,0.72210958750798,0.7413603869035225,0.7278802426415077,0.9056502019432034,0.8880442191105956,0.8957747949596303,"[0.8500232631111977, 0.3164307263866326, 0.9998747730261098]","[0.7993487993487993, 0.44395604395604393, 0.9807763174057241]","[0.8239075830750756, 0.3694996781951831, 0.9902334666542647]","[98280, 24570, 211666]","{0: 0.7993487993487993, 1: 0.44395604395604393, 2: 0.9807763174057241}",0.027617656747549763,0.014525310125600321,0,0,[]
4,0.1902124568628757,0.9173653506986841,9.567727288213003e-05,1.8565701867646522,678.8675379570342,0.03258720776953805,540.40966796875,453.20190687605646,0.35455380497949607,0.8496813306388932,0.6705083643891325,0.6615383794346404,0.6705083643891325,0.6620125605416731,0.8805506470801532,0.8496813306388932,0.8638525387872127,"[0.7989735900062302, 0.1866680641442197, 0.9989734841534715]","[0.7698616198616198, 0.28994708994708995, 0.9517163833586877]","[0.7841474979142808, 0.22711767143813563, 0.974772512272603]","[98280, 24570, 211666]","{0: 0.7698616198616198, 1: 0.28994708994708995, 2: 0.9517163833586877}",0.16434134811662038,0.0676840200597909,0,0,[]
5,0.16614958151986942,0.928945868945869,9.330127018922194e-05,1.9638298258382274,678.8205453086014,0.033439219848676406,540.40966796875,460.21915773599176,0.3787635495601851,0.8517798849681331,0.740681755428101,0.700870066642414,0.740681755428101,0.7057575102600678,0.8918738423644715,0.8517798849681331,0.8674882298003399,"[0.8086636754706508, 0.2940409245440356, 0.9999055999125557]","[0.7115384615384616, 0.5597069597069597, 0.950799845038882]","[0.7569984195371192, 0.3855394664909797, 0.974734644752105]","[98280, 24570, 211666]","{0: 0.7115384615384616, 1: 0.5597069597069597, 2: 0.950799845038882}",0.21261396804031568,0.07716598397773589,0,0,[]
6,0.14418141026685138,0.938933658933659,9.045084971874738e-05,2.1713219157203416,678.7839835626023,0.03304687178438572,540.40966796875,440.6872323260177,0.3266581014392237,0.8824450848389913,0.692593525812213,0.6862371406404341,0.692593525812213,0.6892303579668914,0.8868556492774664,0.8824450848389913,0.8844596637690705,"[0.8009461070821198, 0.258026532694874, 0.9997387821443083]","[0.8338217338217339, 0.2675620675620676, 0.9763967760528379]","[0.8170533515459086, 0.26270780051150894, 0.9879299218432563]","[98280, 24570, 211666]","{0: 0.8338217338217339, 1: 0.2675620675620676, 2: 0.9763967760528379}",0.1824766911723723,0.056488574094667676,0,0,[]
7,0.12284581190047666,0.949298602631936,8.715724127386972e-05,2.425481633208039,678.7547154681523,0.0324956228541872,540.40966796875,460.0924878049991,0.4341091535450301,0.8588049600019132,0.7073564740303061,0.6847301547652522,0.7073564740303061,0.693261705994704,0.8787758899016288,0.8588049600019132,0.8677647328533611,"[0.7654128467704288, 0.28889223813112286, 0.9998853793942052]","[0.7840964590964591, 0.39006919006919005, 0.9479037729252691]","[0.7746420116707462, 0.33194215949432854, 0.9732009468190372]","[98280, 24570, 211666]","{0: 0.7840964590964591, 1: 0.39006919006919005, 2: 0.9479037729252691}",0.31126334164455344,0.0904936426300228,0,0,[]
8,0.10208026247522818,0.9583882783882783,8.345653031794292e-05,2.6778326586759826,678.7379959542232,0.031008000101411613,540.40966796875,452.00435455096886,0.4250421542642899,0.87434681749154,0.7112491722050335,0.6969013892912335,0.7112491722050335,0.7013448907494338,0.8899236635125037,0.87434681749154,0.8813743481920652,"[0.804250211653253, 0.2867328519855596, 0.9997211042348879]","[0.7636039886039886, 0.3879120879120879, 0.982231440099024]","[0.7834002286096048, 0.32973533990659054, 0.9908991037321062]","[98280, 24570, 211666]","{0: 0.7636039886039886, 1: 0.3879120879120879, 2: 0.982231440099024}",0.3229618917890617,0.08404146089673836,0,0,[]
9,0.0821204258790011,0.9671008004341338,7.938926261462366e-05,2.941092409112319,678.719314833314,0.029933356462255457,540.40966796875,155.17197334603406,0.578091331534644,0.8508740986978202,0.7056878365204534,0.6798200702075633,0.7056878365204534,0.6870729223410516,0.8806878692109001,0.8508740986978202,0.8640051811544102,"[0.7792703765466411, 0.26041096960700055, 0.9997788644690485]","[0.7702787952787953, 0.40695970695970696, 0.9398250073228577]","[0.7747484981527535, 0.3175949306779742, 0.9688753381924269]","[98280, 24570, 211666]","{0: 0.7702787952787953, 1: 0.40695970695970696, 2: 0.9398250073228577}",0.4959709056556429,0.11622670173631366,0,0,[]
10,0.06515132226869656,0.9742884276217609,7.500000000000001e-05,3.179996119329442,678.7057514582124,0.028347973604492996,540.40966796875,155.09956406702986,0.7343321196225038,0.8406264573293953,0.6942289057078396,0.6668749869086946,0.6942289057078396,0.6759979754960307,0.8709023371409226,0.8406264573293953,0.8535534483083885,"[0.7480042779114625, 0.2529199110122358, 0.9997007718023856]","[0.7970492470492471, 0.37016687016687017, 0.9154705999074013]","[0.7717483399341885, 0.3005121427391376, 0.955733443814766]","[98280, 24570, 211666]","{0: 0.7970492470492471, 1: 0.37016687016687017, 2: 0.9154705999074013}",0.6691807973538072,0.1336619702923656,0,0,[]
11,0.0507862290030434,0.9804504137837471,7.033683215379003e-05,3.2588746235716215,678.6993339093726,0.026069088863304772,540.40966796875,155.2135591150145,0.6204916752308144,0.8678897272477251,0.7163471176870432,0.6951399763543124,0.7163471176870432,0.702615801500709,0.886935713935881,0.8678897272477251,0.8765050485409024,"[0.7921676506042716, 0.2934193472369506, 0.999832931221715]","[0.7823260073260073, 0.40541310541310543, 0.9613022403220167]","[0.7872160705235514, 0.3404422570832906, 0.9801890768952851]","[98280, 24570, 211666]","{0: 0.7823260073260073, 1: 0.40541310541310543, 2: 0.9613022403220167}",0.569705446227771,0.11256068653602203,0,0,[]
12,0.03931843338963572,0.9852258852258853,6.545084971874738e-05,3.266189897949472,678.6937217139904,0.02410702852346846,540.40966796875,155.19156186602777,0.669976178549687,0.8662634971122457,0.720401300768168,0.6965713177031542,0.720401300768168,0.705023772040767,0.8859615929653445,0.8662634971122457,0.8750948895850604,"[0.7861167270450837, 0.30368599090166803, 0.9999112351627109]","[0.7794057794057794, 0.42385022385022386, 0.957947899048501]","[0.7827468692679886, 0.3538445856409908, 0.9784798612133218]","[98280, 24570, 211666]","{0: 0.7794057794057794, 1: 0.42385022385022386, 2: 0.957947899048501}",0.6306577451600514,0.11896238811363957,0,0,[]
13,0.03127031563028537,0.9882485415818749,6.039558454088797e-05,3.248517957778842,678.6873994173408,0.022131183790066525,540.40966796875,155.1356974359951,0.7891895896569906,0.8567721723325641,0.7102736544052107,0.685550622142625,0.7102736544052107,0.6939221351975734,0.8789996899083169,0.8567721723325641,0.866684598150002,"[0.765883510671013, 0.2909915014164306, 0.9997768543404311]","[0.7602258852258852, 0.4180708180708181, 0.9525242599189289]","[0.7630442109133245, 0.3431434775346584, 0.9755787171447373]","[98280, 24570, 211666]","{0: 0.7602258852258852, 1: 0.4180708180708181, 2: 0.9525242599189289}",0.7579192740267052,0.13147636924931083,0,0,[]
14,0.024403557051713584,0.9908587708587708,5.522642316338269e-05,3.18936050800154,678.6798416776732,0.020463434518973842,540.40966796875,155.11223451100523,1.0067861080896658,0.848222506546772,0.7127957620863897,0.6832263698660034,0.7127957620863897,0.6894861803355704,0.8809634463019537,0.848222506546772,0.862168101810267,"[0.7768820121091122, 0.27292655312793584, 0.9998705443609621]","[0.7285205535205536, 0.46113146113146114, 0.9487352716071547]","[0.7519244704424444, 0.3429021079551473, 0.9736319626091193]","[98280, 24570, 211666]","{0: 0.7285205535205536, 1: 0.46113146113146114, 2: 0.9487352716071547}",0.9823825510379522,0.14263626431199883,0,0,[]
15,0.020063759986871686,0.9925654592321259,5.000000000000002e-05,3.0941040613071573,678.6803148822072,0.018429997230579396,540.40966796875,154.84332229295978,0.8020481110694646,0.8676685121190018,0.7266588795321957,0.7002821257551307,0.7266588795321957,0.7103891640397554,0.8874298410405811,0.8676685121190018,0.8763910532549261,"[0.789288182446441, 0.3117332210728891, 0.9998249737460619]","[0.8134615384615385, 0.4219373219373219, 0.9445777781977266]","[0.8011925640126272, 0.358558433922457, 0.9714164941841822]","[98280, 24570, 211666]","{0: 0.8134615384615385, 1: 0.4219373219373219, 2: 0.9445777781977266}",0.7819843510825929,0.12489694711312416,0,0,[]
16,0.015723115213648983,0.9941826075159409,4.4773576836617344e-05,2.8766465723679997,678.676839204661,0.01694782938453441,540.40966796875,155.011874496995,0.9052731635705118,0.8728491312822108,0.7077973969705124,0.6929267921140557,0.7077973969705124,0.698683146304388,0.88712105822554,0.8728491312822108,0.8794897374397634,"[0.7955887620899647, 0.2835031847133758, 0.9996884295388271]","[0.7909340659340659, 0.3623117623117623, 0.9701463626657092]","[0.7932545858101385, 0.3180989815972843, 0.9846958715057411]","[98280, 24570, 211666]","{0: 0.7909340659340659, 1: 0.3623117623117623, 2: 0.9701463626657092}",0.8895500483568628,0.12133347623373014,0,0,[]
17,0.012858795585782205,0.995289648622982,3.9604415459112035e-05,2.7463369193638023,678.6686812245924,0.014672125292882929,540.40966796875,155.21759309701156,0.8423908318673046,0.8847439285415346,0.7289213071887191,0.7140232189265241,0.7289213071887191,0.7204184317909226,0.8947018198592837,0.8847439285415346,0.8894015540609751,"[0.8084371168286331, 0.3337633678492616, 0.9998691721016775]","[0.8117521367521368, 0.40012210012210014, 0.9748896846919203]","[0.8100912354096962, 0.3639426191577973, 0.9872214408052741]","[98280, 24570, 211666]","{0: 0.8117521367521368, 1: 0.40012210012210014, 2: 0.9748896846919203}",0.8295320362815224,0.11054572008144736,0,0,[]
18,0.009592316324562703,0.9965350698684032,3.4549150281252636e-05,2.44676799659846,678.6704925734181,0.012707557339607524,540.40966796875,154.98458821797976,1.1062176153153755,0.8620604096665032,0.7129695567428443,0.6899345012069268,0.7129695567428443,0.6984462272856278,0.88162399024784,0.8620604096665032,0.870862017990557,"[0.7733840150835342, 0.29663262571828386, 0.9997868628189622]","[0.7804741554741554, 0.4054945054945055, 0.9529400092598717]","[0.776912909384638, 0.34262427566758946, 0.9758014968046559]","[98280, 24570, 211666]","{0: 0.7804741554741554, 1: 0.4054945054945055, 2: 0.9529400092598717}",1.0966252989908127,0.13447466020190002,0,0,[]
19,0.007873872427203861,0.9972242572242572,2.966316784621e-05,2.2544746830096103,678.6686156151969,0.01080290734013813,540.40966796875,154.9341790699982,1.1129142948882218,0.8696445013093544,0.7129153658460049,0.6947985683682071,0.7129153658460049,0.7005431838362997,0.887932760495126,0.8696445013093544,0.8778802227913923,"[0.796942629211576, 0.28758417631110983, 0.9998688995819354]","[0.7643772893772893, 0.4015059015059015, 0.9728629066548241]","[0.7803203423633039, 0.3351281572197782, 0.9861810519258168]","[98280, 24570, 211666]","{0: 0.7643772893772893, 1: 0.4015059015059015, 2: 0.9728629066548241}",1.105040422461018,0.12757975591490278,0,0,[]
20,0.006017111282208268,0.9978971645638313,2.5000000000000015e-05,1.9913174771434992,678.6674029453405,0.009443261292074826,540.40966796875,154.956121160998,1.1032652910084502,0.8815691925049923,0.7232601753309692,0.7083484337688315,0.7232601753309692,0.7137895266794273,0.8941925184100433,0.8815691925049923,0.8873387552412202,"[0.811919929125886, 0.31330323028829454, 0.9998221418923141]","[0.7833028083028083, 0.40382580382580385, 0.9826519138642956]","[0.7973546836806562, 0.3528512242394068, 0.9911626721182186]","[98280, 24570, 211666]","{0: 0.7833028083028083, 1: 0.40382580382580385, 2: 0.9826519138642956}",1.097248179726242,0.11632797205883894,0,0,[]
21,0.004491558937585074,0.9984099850766518,2.0610737385376352e-05,1.7394273575177326,678.6637527665091,0.007892487540144577,540.40966796875,154.946731495962,1.1684127479467707,0.8779430580301092,0.7219790310217368,0.7051618676888034,0.7219790310217368,0.7106832778135145,0.8935938530067428,0.8779430580301092,0.8849795782989358,"[0.8126233162334823, 0.30313222619297875, 0.9997300606399491]","[0.7752747252747253, 0.41082621082621085, 0.979836156964274]","[0.7935097868706488, 0.3488569009314141, 0.9896831456384806]","[98280, 24570, 211666]","{0: 0.7752747252747253, 1: 0.41082621082621085, 2: 0.979836156964274}",1.1639211890091856,0.1204669270465426,0,0,[]
22,0.0032665937856140945,0.9988983855650523,1.654346968205711e-05,1.415395621237935,678.665446958773,0.006128147374977506,540.40966796875,155.05229289201088,1.1919757246698155,0.8772136459840486,0.7249376113520567,0.7065104263136872,0.7249376113520567,0.712804243100965,0.8927373027778529,0.8772136459840486,0.8841873570785078,"[0.8074870282142971, 0.3123534010946052, 0.9996908496321594]","[0.7743182743182743, 0.42275132275132277, 0.9777432369865732]","[0.7905548947398493, 0.35926258992805754, 0.9885952446349882]","[98280, 24570, 211666]","{0: 0.7743182743182743, 1: 0.42275132275132277, 2: 0.9777432369865732}",1.1887091308842015,0.12168473958100368,0,0,[]
23,0.0024509628950170298,0.9991859991859992,1.2842758726130304e-05,1.2007713024771351,678.6674468636033,0.004913170520774499,540.40966796875,154.892221934977,1.2942397303042787,0.8730105585383061,0.7083882941363594,0.69376877902095,0.7083882941363594,0.6996554394259763,0.8859663464942168,0.8730105585383061,0.8790576793760311,"[0.7892711334643304, 0.2922540943574382, 0.9997811092410814]","[0.7887973137973138, 0.3653235653235653, 0.9710440032881993]","[0.7890341524979516, 0.3247291210679594, 0.9852030447120178]","[98280, 24570, 211666]","{0: 0.7887973137973138, 1: 0.3653235653235653, 2: 0.9710440032881993}",1.2917887674092616,0.12617544064769304,0,0,[]
24,0.0018200543178739925,0.9994546194546194,9.549150281252636e-06,0.9425957108364086,678.6666004745467,0.0036116331054817327,540.40966796875,154.8903615020099,1.431248306185725,0.8664279137619725,0.7116397946076937,0.691814107799965,0.7116397946076937,0.6984663088554767,0.8858112565495624,0.8664279137619725,0.8752006812068002,"[0.7904386869602359, 0.28518971848225216, 0.9998139179574068]","[0.772028897028897, 0.39829059829059826, 0.9645998885035858]","[0.7811253352275944, 0.33238231098430815, 0.9818912803545279]","[98280, 24570, 211666]","{0: 0.772028897028897, 1: 0.39829059829059826, 2: 0.9645998885035858}",1.4294282518678512,0.13302670569264696,0,0,[]
25,0.0013612362055145603,0.9995685795685796,6.698729810778068e-06,0.7752035472996031,678.6668388986324,0.002695758738008594,540.40966796875,154.8137374529615,1.4088347504889704,0.8683411256860658,0.7086067258537879,0.6912854778113072,0.7086067258537879,0.6978679604711222,0.883914296709766,0.8683411256860658,0.8755152754832916,"[0.7823572167111985, 0.29168483338523826, 0.9998143833374853]","[0.7776048026048026, 0.3811965811965812, 0.9670187937599803]","[0.779973770558728, 0.33048694424841213, 0.9831431666062264]","[98280, 24570, 211666]","{0: 0.7776048026048026, 1: 0.3811965811965812, 2: 0.9670187937599803}",1.4074735142834558,0.13122745388251378,0,0,[]
26,0.000996664043616937,0.9996825396825397,4.322727117869953e-06,0.6230705194864156,678.6666049266087,0.0018487052023777061,540.40966796875,154.86134710203623,1.3823816509092108,0.8695697664685695,0.7151884409551362,0.6957054350899027,0.7151884409551362,0.7030516459621037,0.8860598620802571,0.8695697664685695,0.8771042181190801,"[0.787439564146334, 0.29976983274512814, 0.9999069083782459]","[0.7838420838420839, 0.39755799755799753, 0.9641652414653274]","[0.785636705743176, 0.34180736593473887, 0.9817108662083961]","[98280, 24570, 211666]","{0: 0.7838420838420839, 1: 0.39755799755799753, 2: 0.9641652414653274}",1.3813849868655939,0.1301127732139702,0,0,[]
27,0.0006644012387515958,0.9998371998371999,2.447174185242324e-06,0.42803968568082523,678.6661972090131,0.0010493172778020903,540.40966796875,154.85333816800267,1.3867763660534629,0.8728610888567363,0.7195775798885572,0.7004231744946368,0.7195775798885572,0.7077287439635844,0.8882130078214838,0.8728610888567363,0.8798850255964349,"[0.7925545017859342, 0.3088321914623183, 0.9998828302356577]","[0.7856837606837607, 0.40545380545380544, 0.9675951735281056]","[0.7891041756085597, 0.35060798564062856, 0.9834740706415652]","[98280, 24570, 211666]","{0: 0.7856837606837607, 1: 0.40545380545380544, 2: 0.9675951735281056}",1.3861119648147113,0.12697611098046357,0,0,[]
28,0.0005365609174528328,0.9998589065255732,1.092619963309716e-06,0.3608840176379889,678.6661340948182,0.0006286079310278744,540.40966796875,154.8321639179485,1.4305845366457224,0.8702931997273673,0.7163014540844864,0.6969508517674323,0.7163014540844864,0.7041127834372464,0.8866472156613797,0.8702931997273673,0.8777552616056006,"[0.7890202302309524, 0.30198865369364974, 0.9998436713776948]","[0.779008954008954, 0.40297110297110295, 0.9669243052734025]","[0.7839826330044595, 0.3452472278401562, 0.9831084894671236]","[98280, 24570, 211666]","{0: 0.779008954008954, 1: 0.40297110297110295, 2: 0.9669243052734025}",1.4300479757282696,0.1295657067982059,0,0,[]
29,0.0003966554413553898,0.9999240265906932,2.7390523158633003e-07,0.29821799804575855,678.6663493267728,0.00026396114382093227,540.40966796875,154.85247932502534,1.4094193357612181,0.8712587738703081,0.716154489492122,0.6974906158969466,0.716154489492122,0.704800151178438,0.8862899933223918,0.8712587738703081,0.8781602755482214,"[0.786835067166987, 0.3057835644872158, 0.9998532160366372]","[0.7872914122914123, 0.3957264957264957, 0.9654455604584581]","[0.7870631735811248, 0.3449890893607962, 0.9823481905933931]","[98280, 24570, 211666]","{0: 0.7872914122914123, 1: 0.3957264957264957, 2: 0.9654455604584581}",1.4090226803198627,0.1286652527203851,0,0,[]
30,0.0004246531437368329,0.9999050332383665,0.0,0.2965559278639278,678.666303484704,7.612970801735236e-05,540.40966796875,154.99399575800635,1.404877115717351,0.8705233830369847,0.7173065228668554,0.6976866473000277,0.7173065228668554,0.7045572523572528,0.8878065192332446,0.8705233830369847,0.8783546575350031,"[0.7936809374250029, 0.2995886245752102, 0.9997903798998699]","[0.7739519739519739, 0.409035409035409, 0.9689321856131831]","[0.7836923092773945, 0.3458600041296717, 0.9841194436646921]","[98280, 24570, 211666]","{0: 0.7739519739519739, 1: 0.409035409035409, 2: 0.9689321856131831}",1.4044524625736141,0.12938165020138181,0,0,[]
