epoch, train_loss          , train_accuracy    , val_loss          , val_accuracy       , val_balanced_accuracy, val_macro_f1       , val_weighted_f1    , val_precision      , val_recall         , val_specificity   , val_auc           , learning_rate, epoch_time_seconds
    1, 1.5241532957259734  , 0.3925979680696662, 1.5402278254646402, 0.3624454148471616 ,   0.20592791911285066, 0.18296783229463767, 0.3090694529337344 , 0.20825856912813434, 0.20592791911285066, 0.8468306340888342, 0.610585086444836 ,        0.0001, 19.818636943004094
    2, 1.3835495947407361  , 0.4477503628447025, 1.5140381890092875, 0.40611353711790393,   0.23598880191345947, 0.20826379739423218, 0.3516049041775262 , 0.21582053203446985, 0.23598880191345947, 0.856573972238396 , 0.6368151368538502,        0.0001, 17.64168828696711
    3, 1.2636133302624928  , 0.5137880986937591, 1.5415378949527656, 0.3930131004366812 ,   0.2210127201565558 , 0.1986687169994704 , 0.33257034293070625, 0.2695398319008242 , 0.2210127201565558 , 0.8516745379655388, 0.6908837300417864,        0.0001, 17.571975567028858
    4, 1.1562385870514138  , 0.5689404934687954, 1.3620563115615512, 0.47161572052401746,   0.30441400304414007, 0.26382850854917894, 0.4325467452944216 , 0.2467695438090175 , 0.30441400304414007, 0.8780356616563513, 0.7053942827860175,        0.0001, 17.3833542339853
    5, 1.0090653498390763  , 0.6335268505079826, 1.362804973489853 , 0.4497816593886463 ,   0.3011252446183953 , 0.27468487394957986, 0.4263880224578914 , 0.2699778582930757 , 0.3011252446183953 , 0.8760502253563649, 0.7278727714133407,        0.0001, 17.186330710013863
    6, 0.8339907600502491  , 0.7060957910014514, 1.5758964661427461, 0.5109170305676856 ,   0.28450478364861925, 0.25405157448304655, 0.44699673345518226, 0.23882488479262673, 0.28450478364861925, 0.8812424072516586, 0.7186350601764472,        0.0001, 17.518258619005792
    7, 0.6688875411522233  , 0.7706821480406386, 1.6653870338956343, 0.4672489082969432 ,   0.3018319199826049 , 0.2801016138368026 , 0.4335591249170122 , 0.2662403509448396 , 0.3018319199826049 , 0.8745435365494237, 0.6986579122605588,        0.0001, 17.45775354799116
    8, 0.537614501526117   , 0.8222060957910015, 1.6518648987774245, 0.44541484716157204,   0.3194372918597865 , 0.3041525095501719 , 0.43598251203020155, 0.29938155922038984, 0.3194372918597865 , 0.8742457570464298, 0.7033582170078464,        0.0001, 17.620986483991146
    9, 0.4002028355923723  , 0.8708272859216255, 1.729799560063791 , 0.45414847161572053,   0.31430602762614296, 0.31041609446009655, 0.45133543332861203, 0.3186059799880938 , 0.31430602762614296, 0.8774216695368925, 0.706657137328149 ,        0.0001, 17.27773106296081
   10, 0.32037698703511186 , 0.8991291727140783, 1.6930032723855764, 0.4759825327510917 ,   0.3118805861686179 , 0.30283200480436184, 0.4651543113274818 , 0.31614597075172796, 0.3118805861686179 , 0.8824779649842728, 0.722263598015663 ,        0.0001, 17.256657782010734
   11, 0.2588462565305098  , 0.9121915820029027, 1.7117949354596533, 0.48034934497816595,   0.2996575342465753 , 0.30203668835405756, 0.44953093870303373, 0.32805258467023174, 0.2996575342465753 , 0.8737790533338262, 0.733932322444888 ,        0.0001, 17.1962516780477
   12, 0.16940829573072094 , 0.9557329462989841, 1.9916825773414046, 0.4192139737991266 ,   0.334001527792083  , 0.33544017524831987, 0.41479226853471385, 0.3826953292702899 , 0.334001527792083  , 0.8710258701559163, 0.7064837370752985,        0.0001, 17.61091327597387
   13, 0.16172055895771448 , 0.951378809869376 , 2.0436005738104273, 0.4410480349344978 ,   0.38795004062668087, 0.41148235048984594, 0.45220597393030604, 0.6176075268817204 , 0.38795004062668087, 0.8771558013988628, 0.708676221053159 ,        0.0001, 17.225023336010054
   14, 0.14561043046036376 , 0.9593613933236574, 1.7897210079509618, 0.4890829694323144 ,   0.3513592771884048 , 0.34290352688069986, 0.4802195726403355 , 0.33762459522363897, 0.3513592771884048 , 0.8846424694826713, 0.7154067077690969,        0.0001, 17.592560240009334
   15, 0.12733974256951508 , 0.9615384615384616, 2.24620150790985  , 0.4017467248908297 ,   0.33905969261052177, 0.3252329824382751 , 0.39556649023435686, 0.3418952935088117 , 0.33905969261052177, 0.8680074574523692, 0.6842208260446382,        0.0001, 17.41653489897726
   16, 0.12687572339449635 , 0.9644412191582002, 1.7693064212799072, 0.4192139737991266 ,   0.2976455121822822 , 0.2932244981952833 , 0.4141933696343642 , 0.2893784216054076 , 0.2976455121822822 , 0.8677737060621838, 0.7391969889371267,        0.0001, 18.21135262498865
   17, 0.114211428429288   , 0.9658925979680697, 2.0784452773598083, 0.4672489082969432 ,   0.3314001327519712 , 0.33609793312936787, 0.45093345047671657, 0.35997057279952016, 0.3314001327519712 , 0.8760773487329416, 0.7299142896201699,        0.0001, 17.517860936990473
   18, 0.13191066675850546 , 0.9564586357039188, 2.00702433815169  , 0.44541484716157204,   0.3051542955562422 , 0.3041722860093555 , 0.43042510164955194, 0.32102456508436056, 0.3051542955562422 , 0.8698538302880187, 0.7150260392567706,        0.0001, 17.533225009974558
   19, 0.08926959562889897 , 0.9753265602322206, 2.0442284163429227, 0.4017467248908297 ,   0.3581552339753494 , 0.36235691678073517, 0.41649425015321223, 0.3896257432566405 , 0.3581552339753494 , 0.868932434552178 , 0.7204512128421565,        0.0001, 17.91930628195405
   20, 0.07997848953732731 , 0.9753265602322206, 2.068663097364934 , 0.4978165938864629 ,   0.3423162644053055 , 0.33294973478622497, 0.4708605471531758 , 0.32600273734375357, 0.3423162644053055 , 0.8800867691321854, 0.7259775116772698,        0.0001, 17.457627152034547
   21, 0.07104692045945257 , 0.9818577648766328, 2.2089087140612205, 0.4759825327510917 ,   0.37142957279042355, 0.37728872905481786, 0.460043503747351  , 0.43979241338112307, 0.37142957279042355, 0.8773889398495159, 0.6993344498018687,        0.0001, 17.266115667007398
   22, 0.07004654828150836 , 0.9811320754716981, 2.0217865002727926, 0.5065502183406113 ,   0.3550092411393781 , 0.3269092404152533 , 0.47608352285810085, 0.31513532763532764, 0.3550092411393781 , 0.8849515193711998, 0.6914231807762738,        0.0001, 17.543056092050392
   23, 0.05961823871113219 , 0.9847605224963716, 2.0423740892951665, 0.47161572052401746,   0.34838308671221435, 0.335738054470411  , 0.4693255255220961 , 0.33228433939012875, 0.34838308671221435, 0.8826901511720687, 0.709349614414133 ,        0.0001, 17.538911237963475
   24, 0.05619533973136384 , 0.9847605224963716, 2.1426027664451097, 0.48034934497816595,   0.31376386170906717, 0.29928392409595417, 0.44399926828925085, 0.3118160079996522 , 0.31376386170906717, 0.8762506790471467, 0.7165149971177689,        0.0001, 17.36995756503893
   25, 0.048121446156968915, 0.9847605224963716, 2.120933797161652 , 0.5283842794759825 ,   0.3413578180611345 , 0.34377693435794643, 0.4951771433245159 , 0.3836016830002395 , 0.3413578180611345 , 0.8860276518523995, 0.7475877299759898,        0.0001, 16.942982846987434
   26, 0.04587446757644977 , 0.988388969521045 , 2.0071764502462863, 0.462882096069869  ,   0.35971235165539417, 0.3455987904774695 , 0.4545753025152457 , 0.38746438746438744, 0.35971235165539417, 0.8753506816401054, 0.7309151302479845,        0.0001, 17.534487174998503
   27, 0.03439468611437281 , 0.9920174165457184, 2.0275570867363544, 0.5109170305676856 ,   0.35818928027832136, 0.34642463602438944, 0.4832399891969862 , 0.3419748466188095 , 0.35818928027832136, 0.8830560183088569, 0.7199640857308506,        0.0001, 17.286481762013864
   28, 0.030849736336624068, 0.9920174165457184, 2.029484278249949 , 0.5152838427947598 ,   0.38086097092045185, 0.3979009751606595 , 0.4966959700408731 , 0.4517351870021564 , 0.38086097092045185, 0.8849807382949729, 0.7089196463661528,        0.0001, 17.537391474994365
   29, 0.01946347841590167 , 0.9941944847605225, 2.0236091009914614, 0.4978165938864629 ,   0.3612099598310845 , 0.37716558133224803, 0.47974466500667373, 0.4155032319441187 , 0.3612099598310845 , 0.8801471581170909, 0.716444875314719 ,        0.0001, 17.40466896997532
   30, 0.01749496472018118 , 0.9941944847605225, 2.194931440478329 , 0.5414847161572053 ,   0.4044167210263101 , 0.4082305852042694 , 0.5060306046516113 , 0.4376728110599078 , 0.4044167210263101 , 0.8874934758844558, 0.7225816106475941,        0.0001, 17.223279282043222
   31, 0.01622953653573471 , 0.9949201741654572, 2.0153824398090747, 0.5414847161572053 ,   0.38884540117416827, 0.4033252493014945 , 0.5144487283491269 , 0.460613189053556  , 0.38884540117416827, 0.8894816014165258, 0.7296403765943835,        0.0001, 17.362660421989858
   32, 0.01818996470918979 , 0.9941944847605225, 1.9900912197396223, 0.5240174672489083 ,   0.41468354104439187, 0.4415901719675304 , 0.5059729480047515 , 0.5037220388705537 , 0.41468354104439187, 0.8850918504329984, 0.7336089417326933,        0.0001, 17.2091514429776
   33, 0.017584638718072275, 0.9949201741654572, 2.079076161030599 , 0.45414847161572053,   0.31512285279408564, 0.29913797010177556, 0.43900457410452653, 0.28873000103946433, 0.31512285279408564, 0.8754916898235864, 0.7388631585842577,        0.0001, 17.355915374006145
   34, 0.01848622624314943 , 0.9934687953555879, 2.145706093467479 , 0.5283842794759825 ,   0.36403294194390085, 0.35342078801831117, 0.4930449753580339 , 0.3621031746031746 , 0.36403294194390085, 0.8861581726725755, 0.7253019884638094,        0.0001, 17.53259497502586
   35, 0.013957096261062885, 0.9941944847605225, 2.0971034343586217, 0.5327510917030568 ,   0.34767068928027833, 0.34558153655343293, 0.5004536622618954 , 0.3560565785446168 , 0.34767068928027833, 0.8871648568584019, 0.7472593850799037,        0.0001, 16.916920170013327
   36, 0.027334314802085712, 0.9920174165457184, 2.1772802240463323, 0.4759825327510917 ,   0.31650830844233874, 0.32623409459723046, 0.4589105833423139 , 0.35529563022725347, 0.31650830844233874, 0.8752664104771969, 0.7318559632726123,        0.0001, 17.279632354038768
   37, 0.023022260168142867, 0.9920174165457184, 2.088710167522514 , 0.5458515283842795 ,   0.412986804911823  , 0.4288980638540616 , 0.5307540722090732 , 0.4810453112778694 , 0.412986804911823  , 0.8936006064186257, 0.7230735345046574,        0.0001, 17.451433931011707
   38, 0.018370649402593472, 0.9934687953555879, 2.056615251641086 , 0.537117903930131  ,   0.4232044151474577 , 0.4338153499940276 , 0.5196001384395202 , 0.4673432433614842 , 0.4232044151474577 , 0.8930133654192738, 0.7384886422109638,        0.0001, 17.61581483797636
   39, 0.02085762335790432 , 0.9934687953555879, 2.310007295233714 , 0.5065502183406113 ,   0.43539313466314183, 0.4364193547367063 , 0.49937281664845395, 0.4520808871493803 , 0.43539313466314183, 0.8858935464591479, 0.7083291989617085,        0.0001, 17.641979166015517
   40, 0.02533371847106687 , 0.9891146589259797, 2.3596596353439265, 0.4759825327510917 ,   0.31258797679129324, 0.3142247566747194 , 0.454171001449501  , 0.3419934950107364 , 0.31258797679129324, 0.8757061320139536, 0.7032627824219407,        0.0001, 17.19347348395968
   41, 0.04400774795853996 , 0.9833091436865021, 2.1659168905566353, 0.5327510917030568 ,   0.38144533708700973, 0.40467886921787627, 0.5089886395284519 , 0.5372609687541038 , 0.38144533708700973, 0.8879889011091703, 0.7396182920431783,        0.0001, 17.454020213976037
   42, 0.06997306530292217 , 0.978955007256894 , 2.361710819094462 , 0.5283842794759825 ,   0.4314263112118195 , 0.4276950998185118 , 0.49586729962989085, 0.6004482849349554 , 0.4314263112118195 , 0.889756301018391 , 0.7524673035869268,        0.0001, 18.080323215050157
   43, 0.1281152221391786  , 0.9571843251088534, 3.4733890196121417, 0.4410480349344978 ,   0.3095409757269887 , 0.28179351512684847, 0.41902095963231334, 0.2890608875128999 , 0.3095409757269887 , 0.8728578565626505, 0.6916296775565897,        0.0001, 17.629358395992313
   44, 0.18045197258580406 , 0.9397677793904209, 3.1911898388092172, 0.40611353711790393,   0.29928073608679234, 0.28632773146238233, 0.39537749023668883, 0.31633377102327204, 0.29928073608679234, 0.8639744886223019, 0.6859706075904409,        0.0001, 17.498289673996624
   45, 0.2627720405903195  , 0.9143686502177069, 2.5553767556186324, 0.4497816593886463 ,   0.3430266591135372 , 0.34526867545419576, 0.4293074191609232 , 0.3777740627334123 , 0.3430266591135372 , 0.8724765953371926, 0.6947013589620065,        0.0001, 17.3055434320122
   46, 0.2264959519331618  , 0.9165457184325109, 2.515158231601965 , 0.462882096069869  ,   0.3397871104702395 , 0.3391150985353884 , 0.45632856268891964, 0.3469824724541706 , 0.3397871104702395 , 0.8774397753213986, 0.7286928575851633,        0.0001, 17.302663771959487
   47, 0.1296761572707028  , 0.9593613933236574, 2.477445319229859 , 0.4672489082969432 ,   0.3208563646559321 , 0.3239094628787446 , 0.4602140506084086 , 0.3341983225866741 , 0.3208563646559321 , 0.8776908494738604, 0.7208076351729922,        0.0001, 17.426469446043484
   48, 0.06922367122159467 , 0.9782293178519593, 2.4534235646110436, 0.48034934497816595,   0.33686399217221136, 0.34053061947798785, 0.44988576376763   , 0.39468722271517304, 0.33686399217221136, 0.8756181543318844, 0.7222911866642391,        0.0001, 17.1874069669866
   49, 0.03341114451819477 , 0.9927431059506531, 2.262623082081824 , 0.48034934497816595,   0.3136415525114155 , 0.30208052181736395, 0.4553621625444195 , 0.30385272252360856, 0.3136415525114155 , 0.8784164158428246, 0.7207844785077911,        0.0001, 17.250703863974195
   50, 0.03585566714384386 , 0.9912917271407837, 2.306485638347776 , 0.48034934497816595,   0.31815984023986904, 0.3030986464115299 , 0.45712124633388057, 0.30659398364053597, 0.31815984023986904, 0.8801394017042671, 0.7281460453894447,        0.0001, 17.251796928001568
   51, 0.01727048513115923 , 0.9941944847605225, 2.227785349933341 , 0.4978165938864629 ,   0.3889378125679495 , 0.3879126802928172 , 0.4708705898662231 , 0.4081698151332855 , 0.3889378125679495 , 0.8804693011642128, 0.732786408140937 ,        0.0001, 17.504875327984337
   52, 0.019387675836176784, 0.9949201741654572, 2.193356060044734 , 0.4672489082969432 ,   0.3144433572515764 , 0.3052838374539131 , 0.44671274224842616, 0.300850860735328  , 0.3144433572515764 , 0.8757071685556755, 0.7316685348147011,        0.0001, 17.174703619035427
   53, 0.02007152965354513 , 0.9949201741654572, 2.26160157507684  , 0.4890829694323144 ,   0.30858610567514677, 0.30593086513331913, 0.45884758649245483, 0.3139668133480014 , 0.30858610567514677, 0.8774839326405769, 0.7438686422173793,        0.0001, 17.638606350054033
   54, 0.018227997279208267, 0.9927431059506531, 2.1365059317459707, 0.45414847161572053,   0.3137838889461096 , 0.3021770300984407 , 0.44280499989094446, 0.2956333451494742 , 0.3137838889461096 , 0.8759550079277791, 0.7367965042134842,        0.0001, 17.239069996983744
   55, 0.01410263363428749 , 0.9949201741654572, 2.348281689606379 , 0.4759825327510917 ,   0.3038296368775821 , 0.2967191547381613 , 0.44441581278626496, 0.30272941789795726, 0.3038296368775821 , 0.8740353936316931, 0.7292699316090632,        0.0001, 17.37967132596532
   56, 0.02217364232481629 , 0.9934687953555879, 2.390896160009126 , 0.4672489082969432 ,   0.3001939780959247 , 0.29201165709762267, 0.44201728734015383, 0.29717486580231683, 0.3001939780959247 , 0.8747091521692026, 0.6987045232073387,        0.0001, 17.44525397301186
   57, 0.018899783020344372, 0.9934687953555879, 2.2598931425002986, 0.45414847161572053,   0.2973744292237443 , 0.2962644949986722 , 0.43301158517564464, 0.3014705882352941 , 0.2973744292237443 , 0.8704850007599166, 0.7160854639489717,        0.0001, 17.37383018800756
